{
  "L15_to_L16": {
    "ridge": 0.001,
    "n_samples": 50000,
    "T_frobenius": 67.26620483398438,
    "T_R2": 0.9972447827458382,
    "S_max": 3.706709623336792,
    "S_min": 0.28878891468048096,
    "S_median": 1.0135098695755005,
    "condition_number": 12.835359573364258,
    "effective_rank_pct_1": 4096,
    "rotation_score_1_minus_std_over_mean": 0.7995874285697937,
    "top_10_singular": [
      3.706709623336792,
      2.9048237800598145,
      2.7394278049468994,
      2.389561653137207,
      2.3019769191741943,
      2.2290546894073486,
      2.111575126647949,
      2.098418712615967,
      2.058551549911499,
      2.041898727416992
    ]
  },
  "L25_to_L26": {
    "ridge": 0.001,
    "n_samples": 50000,
    "T_frobenius": 71.87964630126953,
    "T_R2": 0.9722653068602085,
    "S_max": 3.461897134780884,
    "S_min": 0.13136547803878784,
    "S_median": 1.0293712615966797,
    "condition_number": 26.353172302246094,
    "effective_rank_pct_1": 4096,
    "rotation_score_1_minus_std_over_mean": 0.6588764488697052,
    "top_10_singular": [
      3.461897134780884,
      3.2058889865875244,
      2.7283098697662354,
      2.6881110668182373,
      2.642106771469116,
      2.5907578468322754,
      2.574540138244629,
      2.518895149230957,
      2.501241683959961,
      2.476821184158325
    ]
  },
  "L27_to_L28": {
    "ridge": 0.001,
    "n_samples": 50000,
    "T_frobenius": 6611.0263671875,
    "T_R2": 0.9157035797834396,
    "S_max": 2847.358642578125,
    "S_min": 0.00021454748639371246,
    "S_median": 1.0961241722106934,
    "condition_number": 13271461.0,
    "effective_rank_pct_1": 131,
    "rotation_score_1_minus_std_over_mean": -7.053465843200684,
    "top_10_singular": [
      2847.358642578125,
      2112.1669921875,
      1895.7891845703125,
      1633.4918212890625,
      1555.60986328125,
      1402.854248046875,
      1316.4517822265625,
      1265.5997314453125,
      1159.4517822265625,
      1142.05859375
    ]
  },
  "L28_to_L29": {
    "ridge": 0.001,
    "n_samples": 50000,
    "T_frobenius": 38187820.0,
    "T_R2": -6.176540374755859,
    "S_max": 37512044.0,
    "S_min": 0.002189482795074582,
    "S_median": 196.59786987304688,
    "condition_number": 17132833792.0,
    "effective_rank_pct_1": 7,
    "rotation_score_1_minus_std_over_mean": -44.45858383178711,
    "top_10_singular": [
      37512044.0,
      6353340.5,
      2426213.25,
      1947190.25,
      1186906.5,
      842876.25,
      597430.125,
      274410.6875,
      212735.109375,
      80373.7734375
    ]
  },
  "L29_to_L30": {
    "ridge": 0.001,
    "n_samples": 50000,
    "T_frobenius": 182525329408.0,
    "T_R2": -236.6635284423828,
    "S_max": 182613966848.0,
    "S_min": 0.05648928880691528,
    "S_median": 71082.578125,
    "condition_number": 3232718389248.0,
    "effective_rank_pct_1": 3,
    "rotation_score_1_minus_std_over_mean": -58.146339416503906,
    "top_10_singular": [
      182613966848.0,
      3626650368.0,
      2669106944.0,
      1740254720.0,
      1167074688.0,
      931061440.0,
      681457024.0,
      484246720.0,
      320174432.0,
      293978912.0
    ]
  },
  "L30_to_L31": {
    "ridge": 0.001,
    "n_samples": 50000,
    "T_frobenius": 688.7293090820312,
    "T_R2": 0.9999227384396363,
    "S_max": 577.2269287109375,
    "S_min": 0.0014273326378315687,
    "S_median": 1.0,
    "condition_number": 404409.53125,
    "effective_rank_pct_1": 46,
    "rotation_score_1_minus_std_over_mean": -6.133162498474121,
    "top_10_singular": [
      577.2269287109375,
      204.9910430908203,
      160.83937072753906,
      142.06500244140625,
      130.66983032226562,
      98.76167297363281,
      67.74165344238281,
      63.306976318359375,
      47.120994567871094,
      43.27139663696289
    ]
  }
}