{
  "model": "HyenaDNA-medium-160k",
  "n_layers": 10,
  "gamma_q70_curvature": 1.1941598773002624,
  "donor_n": 1561,
  "intron_n": 283806,
  "donor_mean": 2.716848174247277,
  "intron_mean": 2.944655856465332,
  "cohen_d_donor_minus_intron": -0.13815804520994618,
  "evo2_reference_d_M3_geo_a0.5_b1.0": -0.81,
  "sign_agreement_with_evo2": true,
  "ratio_magnitude_vs_evo2": 0.17056548791351378
}