{
  "explained_variance_ratio": [
    0.7570134673846675,
    0.013451957756620376,
    0.005539487544772488,
    0.004743134061372072,
    0.003500912809181654,
    0.003341872417845037,
    0.003102911072191317,
    0.0027797955386341198,
    0.002464605859409659,
    0.002403933072687686
  ],
  "cumulative": [
    0.7570134673846675,
    0.7704654251412878,
    0.7760049126860603,
    0.7807480467474324,
    0.784248959556614,
    0.787590831974459,
    0.7906937430466503,
    0.7934735385852845,
    0.7959381444446941,
    0.7983420775173818
  ]
}