{
  "n_cells_with_chr22_comparison": 13,
  "median_retention_pct": 97.23542681301537,
  "sign_preserved_count": 10,
  "spearman_rho_d22_d17": 0.989010989010989
}